Étiquettes de lignes;Somme de Deaths - Cause: All causes - Risk: Outdoor air pollution - OWID - Sex: Both - Age: All Ages (Number);Somme de Deaths - Cause: All causes - Risk: High systolic blood pressure - Sex: Both - Age: All Ages (Number);Somme de Deaths - Cause: All causes - Risk: Diet high in sodium - Sex: Both - Age: All Ages (Number);Somme de Deaths - Cause: All causes - Risk: Diet low in whole grains - Sex: Both - Age: All Ages (Number);Somme de Deaths - Cause: All causes - Risk: Alcohol use - Sex: Both - Age: All Ages (Number);Somme de Deaths - Cause: All causes - Risk: Diet low in fruits - Sex: Both - Age: All Ages (Number);Somme de Deaths - Cause: All causes - Risk: Unsafe water source - Sex: Both - Age: All Ages (Number);Somme de Deaths - Cause: All causes - Risk: Secondhand smoke - Sex: Both - Age: All Ages (Number);Somme de Deaths - Cause: All causes - Risk: Low birth weight - Sex: Both - Age: All Ages (Number);Somme de Deaths - Cause: All causes - Risk: Child wasting - Sex: Both - Age: All Ages (Number);Somme de Deaths - Cause: All causes - Risk: Unsafe sex - Sex: Both - Age: All Ages (Number);Somme de Deaths - Cause: All causes - Risk: Diet low in nuts and seeds - Sex: Both - Age: All Ages (Number);Somme de Deaths - Cause: All causes - Risk: Household air pollution from solid fuels - Sex: Both - Age: All Ages (Number);Somme de Deaths - Cause: All causes - Risk: Diet low in vegetables - Sex: Both - Age: All Ages (Number);Somme de Deaths - Cause: All causes - Risk: Low physical activity - Sex: Both - Age: All Ages (Number);Somme de Deaths - Cause: All causes - Risk: Smoking - Sex: Both - Age: All Ages (Number);Somme de Deaths - Cause: All causes - Risk: High fasting plasma glucose - Sex: Both - Age: All Ages (Number);Somme de Deaths - Cause: All causes - Risk: Air pollution - Sex: Both - Age: All Ages (Number);Somme de Deaths - Cause: All causes - Risk: High body-mass index - Sex: Both - Age: All Ages (Number);Somme de Deaths - Cause: All causes - Risk: Unsafe sanitation - Sex: Both - Age: All Ages (Number);Somme de Deaths - Cause: All causes - Risk: No access to handwashing facility - Sex: Both - Age: All Ages (Number);Somme de Deaths - Cause: All causes - Risk: Drug use - Sex: Both - Age: All Ages (Number);Somme de Deaths - Cause: All causes - Risk: Low bone mineral density - Sex: Both - Age: All Ages (Number);Somme de Deaths - Cause: All causes - Risk: Vitamin A deficiency - Sex: Both - Age: All Ages (Number);Somme de Deaths - Cause: All causes - Risk: Child stunting - Sex: Both - Age: All Ages (Number);Somme de Deaths - Cause: All causes - Risk: Discontinued breastfeeding - Sex: Both - Age: All Ages (Number);Somme de Deaths - Cause: All causes - Risk: Non-exclusive breastfeeding - Sex: Both - Age: All Ages (Number);Somme de Deaths - Cause: All causes - Risk: Iron deficiency - Sex: Both - Age: All Ages (Number)
Afghanistan;155341;906211;37252;253823;13779;120119;215237;177944;706626;701654;15970;93648;1156375;132348;96477;211298;540257;1301522;376560;159344;194942;11955;14490;57860;247357;7154;94941;26262
African Region (WHO);4818693;15828295;1704129;1941945;6745764;1762150;21148264;1766174;21392133;29049573;24273118;490350;23093954;1419854;762446;6373528;9026697;27835932;6619355;15579850;12964659;1040166;594860;1839794;6733430;260628;4316942;646850
Albania;35720;163948;54436;31125;16789;7984;467;21227;11256;7625;1712;9439;38425;2864;5488;94741;40337;73731;61827;263;745;2858;1578;52;3071;13;1503;36
Algeria;491987;1280486;42917;318697;23916;80035;21117;174012;322967;75662;21258;137057;26127;74920;179778;502939;685324;515625;680156;11197;13858;19117;30469;1507;14504;1227;15419;4780
American Samoa;182;1916;136;345;62;184;60;367;188;108;64;0;234;184;250;1344;2234;423;2149;19;10;55;36;0;0;0;0;0
Andorra;418;2086;127;425;972;108;0;194;22;0;141;54;0;68;256;2587;941;413;1143;0;0;118;216;0;0;0;0;0
Angola;85596;352606;25181;39967;230696;38141;705790;51029;542299;918069;225937;14226;499279;31804;13438;173119;197339;582387;90016;487613;391572;7765;14267;62214;209915;10351;154413;12851
Antigua and Barbuda;760;3176;284;704;566;160;40;200;231;108;342;136;39;228;450;860;3070;796;1804;13;68;30;59;0;0;0;0;0
Argentina;360135;1519926;198986;330096;553672;79736;13391;234621;140832;60549;117657;157104;54948;100577;23784;1412344;860288;413926;878570;5802;25611;66405;40411;186;1933;360;5010;1566
Armenia;89045;218341;33963;69063;20368;14923;1489;31824;13055;6558;5553;31000;17091;2384;13746;146162;132846;105335;106708;1536;1237;1622;2052;3;1037;161;1795;52
Australia;58460;752258;32428;149638;203784;72387;727;49633;15299;3550;16409;28497;1506;47989;116750;602519;453779;59906;436961;203;1975;55100;38828;0;49;0;156;54
Austria;117025;573769;67968;94775;149274;25324;40;36243;4607;184;10543;18997;693;29884;66749;360478;245515;116976;234550;104;375;17035;22184;0;3;0;37;5
Azerbaijan;180497;568157;86707;168120;97234;44061;12053;90420;83002;66336;9037;59751;73114;16498;27378;284339;254788;252771;285814;9954;10772;7160;3126;119;11335;859;19829;295
Bahamas;2305;11937;989;1977;3345;814;109;762;873;293;4292;366;125;457;1219;3356;8035;2429;8731;33;161;262;283;0;10;0;42;27
Bahrain;12247;15903;629;5114;1563;633;152;2639;1722;242;292;860;247;356;3646;10910;19934;12371;17664;46;98;502;367;0;11;0;27;30
Bangladesh;1303935;3095681;345613;282446;222197;625147;1364477;597265;2944266;1951096;101246;272180;3758698;464089;185215;2534979;1730907;4953483;593920;985493;834182;27717;44138;35486;377844;6811;222076;63240
Barbados;4394;13544;758;2541;2581;1755;109;801;746;232;1787;69;9;923;2853;3992;15074;4409;10183;48;311;116;302;0;0;0;20;0
Belarus;353662;1361262;80687;400693;315678;128504;452;81098;8423;2674;23106;156398;14713;59034;88153;719968;335945;367417;549494;322;1252;25837;14115;0;157;31;677;77
Belgium;159071;550096;64659;107941;208976;46088;546;46560;5892;6394;12432;16494;543;21775;74590;640358;262470;158688;235929;399;1801;20584;36739;0;5;0;62;23
Belize;1716;5825;519;1021;2133;56;374;550;1831;784;1892;26;1160;516;861;2611;5206;2864;5058;203;319;119;196;0;68;9;145;23
Benin;41418;149090;16622;16809;38962;20213;168079;17081;290495;295604;68987;1287;290096;11526;6374;50752;87199;330384;69821;128674;125732;2481;6367;24708;74103;1808;34573;8476
Bermuda;319;2840;268;676;601;230;7;211;51;8;328;92;71;154;501;1577;1926;388;1941;0;30;58;72;0;0;0;0;0
Bhutan;5538;14594;1521;2153;3243;1915;4705;1736;15470;5479;1073;1214;16140;1547;1355;7972;7734;20980;5186;3791;1749;551;918;331;1695;12;805;335
Bolivia;91105;171231;30293;32709;71083;17620;31965;15173;119799;104714;40269;1830;99953;19760;10445;84591;163365;190687;155963;19413;29762;4116;10304;658;18917;807;12528;3965
Bosnia and Herzegovina;96906;293949;96555;47569;37603;25621;173;34083;6335;312;5078;24954;64298;9335;16099;232252;184920;160306;142056;95;217;4890;3592;7;43;7;116;23
Botswana;19303;55753;4008;6831;29271;9505;20143;10341;24966;17617;239186;4358;27525;5258;3301;43553;43184;46669;36024;14220;14270;7446;1366;626;2823;307;3123;442
Brazil;1200202;5686746;761612;811493;1944761;331095;381826;740934;1290770;834918;594993;29519;892373;471014;976917;4962231;3609734;2085931;3620737;253925;236482;162209;235513;13992;63635;27945;187932;13129
Brunei;728;6697;1559;1267;365;980;8;775;585;73;476;79;90;560;692;6234;8411;817;3155;0;36;305;230;0;0;0;0;4
Bulgaria;357409;1410781;491284;249697;230843;111751;397;116810;8556;3990;15289;91375;90268;27607;58068;746443;579637;446292;685202;35;1022;16567;9300;5;554;39;877;77
Burkina Faso;60705;260238;24964;37072;146436;43709;483380;38311;480556;823624;286211;3209;617931;29064;6831;68569;160877;677520;85960;366645;316598;10900;14681;51981;162844;4909;105420;11149
Burundi;22990;154826;30754;21156;157799;7854;243050;10767;212783;312947;273661;10459;292090;19294;2279;83062;85022;314106;35946;182005;141513;3602;6316;15292;72341;1957;21704;7594
Cambodia;71117;303322;85423;26849;157024;59224;98962;102743;236987;294861;88024;7869;505300;43348;11873;367066;219394;575177;75101;75091;83153;29753;17111;8441;72323;954;42872;6727
Cameroon;180081;380973;33290;39352;183068;25538;619937;36288;403600;638055;650476;717;404009;22934;16831;131300;220597;582015;245128;446150;337366;9620;17728;55576;155133;11700;130510;17860
Canada;160771;1105878;117750;255663;291694;106002;1259;97153;25119;7859;32832;8997;1365;62168;140144;1445909;635876;161451;687022;1413;2643;92926;77598;0;37;16;205;83
Cape Verde;4473;13596;1200;1696;4143;1604;3206;889;4578;3440;3194;250;6082;915;685;3626;8247;10529;5137;2296;2661;145;432;182;534;40;644;69
Central African Republic;22269;112901;7880;12310;59755;13087;204303;10768;157314;231894;241414;225;203477;12943;3914;53185;69904;224272;27197;152961;111809;6662;4875;17034;47258;1963;44730;5627
Chad;47131;179593;17244;34568;60309;29461;667658;32370;357782;960093;120002;4422;511752;22146;5450;74842;102619;557255;44119;506599;361564;4257;7925;80129;192942;9484;158783;16957
Chile;135013;505618;70149;78082;207895;38134;3368;60821;24962;16905;39821;29279;26337;18752;25361;288851;290006;160739;299037;2280;4254;38037;19428;11;340;38;915;236
China;32828190;54195998;20265539;7262303;12747315;6911619;690883;11648648;3581067;2990941;1430925;2085739;24644719;1087619;2680116;60677371;23810755;55747672;13322048;522992;764127;2598858;1786171;26562;546551;24673;561139;41502
Colombia;303829;878001;235987;159353;234218;59294;41807;83212;224869;101346;121440;60324;160959;82945;48048;479650;719142;463608;518639;18838;24045;10506;31697;449;7720;1921;17805;2369
Comoros;1940;16338;3164;1859;1414;1054;11914;2083;18009;15664;1511;348;20358;1846;214;6717;8171;22292;5984;9048;8359;134;751;790;3253;178;2859;257
Congo;31378;111455;7819;11920;36659;10810;84793;6942;68032;70337;160504;381;74070;11181;5360;32220;62373;105171;55507;62159;45354;4628;3695;6107;9882;1982;16348;3400
Cook Islands;66;944;164;142;138;69;0;191;31;18;23;0;39;64;114;567;1048;112;1034;0;0;30;30;0;0;0;0;0
Costa Rica;19612;99866;15116;16546;23246;3573;1737;7286;9967;2006;9102;5916;6500;8062;2759;49463;60706;26013;51382;437;1514;1820;5441;8;146;42;396;92
Cote d'Ivoire;142131;358348;34259;47490;174847;29013;300791;70895;739911;477816;862914;1057;582822;31599;13755;160334;188235;723897;157124;218061;237649;32583;12778;28774;96603;4041;92945;18860
Croatia;121329;455280;148025;80005;108721;29798;183;49610;3436;228;6036;30230;13266;21947;27253;326882;228914;133966;214948;41;295;3772;16071;0;28;0;56;15
Cuba;159690;482373;47379;111400;89532;33420;8682;61643;9136;3306;24746;17896;13314;34696;80398;511864;353592;172475;255584;4089;13211;3781;42397;2;162;65;657;311
Cyprus;13797;48572;3671;10756;8183;2456;27;4503;1083;151;726;621;95;2511;5296;37004;43469;13766;19899;9;60;581;2149;0;0;0;4;0
Czechia;260911;812381;306514;157864;206879;81314;749;75789;6174;1753;15909;67745;5294;63828;79850;683348;629321;265330;491693;60;787;16078;36630;0;37;0;130;25
Democratic Republic of Congo;227254;1347909;56428;127080;311507;143572;1480148;66463;1354364;2139745;928566;8132;1989508;139970;51537;386146;699061;2205417;393044;1096733;968299;29461;53847;151186;409676;16285;331485;70740
Denmark;73740;341718;24022;64971;109775;22703;205;29226;3292;1422;8228;20156;174;18207;36490;448765;132845;73473;124075;118;753;12915;20434;0;0;0;33;3
Djibouti;7416;13251;2372;1965;2119;2376;11899;2662;17377;27119;19007;907;8859;1280;206;8819;7089;16243;4356;8786;8584;198;492;945;3944;271;3159;701
Dominica;891;4428;413;906;872;30;60;233;309;110;384;31;389;199;588;1185;3989;1282;2965;30;104;30;87;0;0;0;5;0
Dominican Republic;61363;282820;25190;51020;76398;7672;34240;20922;115681;45276;65250;3288;51410;26134;40592;156766;140934;112487;138018;19792;20537;4958;8051;603;3484;2111;12187;1122
East Asia & Pacific (WB);40472023;84424116;27166907;10537205;19471230;10180858;4199034;15721480;8460130;8172081;3342052;2737761;35189662;3075795;4392931;84899356;40342278;73828024;22279089;2686373;2089331;3960840;2854990;204647;1476691;58454;1267569;154068
Eastern Mediterranean Region (WHO);8208846;18299605;1010466;4551389;796354;1392980;4735669;2699483;12057844;7062975;395694;1360005;8204257;1136182;2188375;9561049;9827572;16226351;9423320;3193300;2010633;486969;430205;406534;1796556;92247;1127267;225871
Ecuador;86256;239267;41291;46079;93211;7061;23118;17829;92260;60811;41858;23405;31205;26820;18722;120350;239220;117363;243980;13134;17698;4963;16249;392;7872;679;8096;1317
Egypt;2207554;3414957;128189;718263;117830;120145;287227;534199;648082;627902;13147;227567;59100;13749;487264;1528357;1544810;2252686;2485563;269845;95356;29372;78179;5203;119637;8115;151346;5782
El Salvador;38182;155337;23834;23648;64943;13394;20340;8225;33282;26670;27839;1343;50704;13279;5122;39341;132559;88303;101315;14122;10806;2365;8572;476;3171;571;5973;456
England;673485;2991649;192115;630015;458981;292608;957;261654;46946;4336;53864;364868;756;188230;377360;3414539;1685851;672713;1362381;208;11136;82772;91441;0;92;30;481;140
Equatorial Guinea;5995;15226;1058;1482;6133;1035;15035;1330;17782;17704;26014;69;13799;1355;817;4918;9220;19758;7242;10561;9126;695;519;1459;4460;225;3477;585
Eritrea;25601;77807;15724;8991;34646;11521;140176;9303;97833;192697;71032;3045;127767;10101;1087;38977;45620;152880;26401;106163;86013;1619;3318;9677;33720;1141;14069;5723
Estonia;13662;166733;6772;33012;36444;13784;33;9522;924;305;3069;16531;5510;10080;9583;87446;45407;19156;80759;10;169;4819;2255;0;24;0;45;6
Eswatini;7678;27090;1962;2506;17532;3876;16718;2401;14873;14502;130594;483;20511;2611;1934;11179;26664;28126;29403;11914;10063;3859;871;698;3180;250;4145;247
Ethiopia;175003;935943;231851;158047;505530;207252;2185298;68129;2595233;3194715;1489927;86778;2947070;132165;17967;290794;676248;3114153;248057;1695199;1391959;32817;54305;299294;809564;16239;244090;80169
Europe & Central Asia (WB);17080264;72954118;9030712;16019691;18951417;5939833;187771;5742882;1701745;1006580;1540387;5791572;2261377;2770890;5698271;48409384;31520754;19248037;33966924;138665;242044;2206491;1738918;6577;139820;7695;187407;11796
European Region (WHO);17240142;73420126;9121620;16119045;18992689;5957793;188615;5783501;1716560;1009061;1547802;5797959;2287205;2774694;5745613;48742211;31860088;19432502;34211231;139202;242624;2215269;1749132;6626;139976;7768;188108;11836
Fiji;6246;40142;6228;9692;2310;8160;2357;7597;4212;2445;2346;376;12761;4253;5334;24536;58452;19004;51652;1233;477;692;377;44;121;30;193;82
Finland;24714;398052;27993;75822;76297;31724;63;14609;1934;161;3433;35155;274;27579;39474;210662;200261;24942;144720;56;549;14991;18947;0;0;0;12;3
France;567338;2551705;172986;534804;1310901;231838;3375;144659;29363;100736;102754;109227;2814;137145;376343;2416170;985417;566785;1150175;1729;6849;118758;242843;0;61;122;466;195
G20;74123621;185294122;37385534;30676993;46527892;20546760;25751522;26088517;32556011;20995449;11805385;10619945;56990007;8967715;13638424;163381221;95499955;127637647;71637321;18285679;10677283;8757071;7274406;802306;4573929;166612;2884223;759803
Gabon;17693;44389;3292;4356;24846;1206;11941;3259;21231;11196;38826;125;11810;3790;2433;13047;32410;29466;26324;8498;8852;1242;1762;362;1536;275;2792;947
Gambia;8441;33024;2702;3794;10035;4798;20087;5385;39395;29771;20731;69;43252;3259;1251;14464;15771;51558;13237;14524;15554;810;1210;2602;5414;178;2899;2242
Georgia;109237;644313;94923;144936;55619;56183;989;56742;15873;6378;7784;44750;104600;34065;28148;239883;250931;213352;272620;786;1413;7393;4478;1;917;83;1663;103
Germany;1257059;6595570;465669;1048926;2236336;401843;1793;274370;39049;9121;114989;180868;1835;351551;547614;4563929;4168143;1253035;2861713;999;7053;137515;202396;0;38;30;254;140
Ghana;218320;520207;61986;67971;242581;25283;319683;26214;442687;388215;438004;1936;425569;44776;21816;121005;331468;641766;277639;232650;220373;16119;17843;25859;58006;2929;49398;10464
Greece;217333;818892;61080;198572;124648;14750;10;76516;7300;446;10495;12933;3475;4364;56021;714790;332804;219206;331277;34;1032;10713;14172;0;13;0;82;11
Greenland;212;1692;189;367;1189;192;0;369;233;30;162;30;32;84;119;3538;723;254;1297;0;0;191;126;0;0;0;0;0
Grenada;1279;4398;396;966;1091;232;48;311;390;166;424;143;351;437;607;1454;4486;1637;2691;30;145;52;94;0;1;0;18;0
Guam;647;5906;980;1213;417;354;71;887;442;175;244;11;114;533;423;3426;3515;761;4300;8;30;205;156;0;0;0;0;0
Guatemala;73681;183766;32707;33443;137321;22255;121285;22834;144015;205748;38441;9177;204933;17972;2752;87800;231902;278032;124970;80200;62678;8009;10651;2016;42230;1929;19354;3616
Guinea;55662;219078;20439;23556;42276;14850;252913;34936;326718;424156;108159;1404;468132;19738;7650;105295;120750;522466;78997;185398;199221;3406;9653;30704;93835;2386;50328;15170
Guinea-Bissau;7930;34546;3134;3490;15829;3947;49463;4011;53232;57556;26122;109;56864;4127;1216;7684;18514;64660;11926;36505;28106;945;1216;7435;14536;335;7123;1442
Guyana;10933;36893;3114;5645;13255;4442;2816;3299;9571;4370;7132;356;4475;3502;4085;11840;35118;15409;24764;1709;1872;565;873;26;256;78;701;169
Haiti;36760;367803;27713;53945;108140;32639;169482;21063;175073;223172;227362;5410;345229;42071;29377;87059;274577;380459;109015;124633;98216;9727;5899;5497;31120;3875;57091;10912
Honduras;30745;171697;25623;21781;57543;14078;42151;15570;66087;33220;10912;12468;97896;15235;3561;80392;121773;127792;89487;30455;8666;4744;4361;631;6301;1075;10346;1517
Hungary;289033;1178802;434479;226434;362538;93346;866;124449;11218;1080;20696;108456;74576;44437;63679;855173;596024;361437;609714;488;386;7980;42403;0;112;0;187;45
Iceland;757;10884;1064;2754;1272;1093;0;976;184;35;182;889;3;1014;1564;10942;4618;760;5141;0;30;413;461;0;0;0;0;0
India;18615995;30274400;3643418;5106157;7307926;5424099;21921985;5572419;22771946;13619011;2688891;3323743;26483553;3006716;1911544;24186369;18563626;43492775;8634990;15827484;8565706;1743112;2229881;676307;3458584;73303;1588304;609630
Indonesia;2154732;9883765;2101015;785692;461599;1075094;2027501;1164521;1866574;1956183;277662;60627;3166414;818055;437297;5213600;4640495;5307611;2728038;1236623;480447;127033;255160;66677;354832;15953;277161;62794
Iran;1034587;2146839;90120;646418;53540;43394;33134;242177;673125;112312;20082;98020;45310;57834;275736;906869;1125638;1072468;1136455;20277;21948;129961;72683;1378;16643;559;17644;1909
Iraq;561091;1096633;37357;245542;20561;92259;49730;151430;430691;117335;6857;123053;55873;30325;154014;540070;691536;615321;700190;28215;11183;19548;16813;2252;21784;1755;29107;3305
Ireland;29519;196022;11169;31316;43385;17338;23;17837;2804;294;3229;14873;258;11785;31626;214929;67750;29671;82006;43;569;6692;5417;0;0;0;30;0
Israel;76782;225965;16449;56313;12206;4642;228;16203;8563;1091;4384;1063;233;1261;32851;174833;191268;76224;123784;207;437;5915;7823;0;12;0;92;29
Italy;1042464;3761744;354965;936263;1011348;120510;664;274517;32337;9806;78188;157851;9884;92427;490018;2912595;2491583;1041380;1616528;410;3225;192485;188575;0;54;14;302;78
Jamaica;20748;88933;8191;14704;9319;6003;1659;8557;16891;3721;16322;667;12473;5312;17389;44632;106557;33078;70337;1040;2155;822;1493;5;98;33;302;145
Japan;1024720;5314266;1244807;753803;1435734;533168;10173;476718;25839;32639;120419;297622;6670;99705;474510;5866095;2259546;1026034;1264144;2517;56337;272979;194558;0;599;61;739;335
Jordan;59909;134003;4710;34809;3235;9975;1258;20393;44876;7288;1430;3164;311;5656;16494;79458;102672;59915;116864;553;1320;1570;2467;126;951;75;1684;572
Kazakhstan;315434;1473811;199328;350203;321117;149464;10649;123721;66086;44647;28662;139206;139692;45052;83228;691645;546281;452410;701720;9170;8877;59162;12304;409;5270;550;10809;683
Kenya;115663;520989;59759;49721;350267;60813;619085;52531;549619;655920;2027596;23600;669849;42699;6433;254444;260539;784533;224833;462383;388128;190195;22467;49967;110341;6650;139270;23417
Kiribati;406;4164;676;1022;585;795;1382;1272;1214;1281;728;94;3952;665;442;5916;6274;4351;5388;927;289;203;52;49;133;7;85;60
Kuwait;27456;45825;3427;10875;543;2927;69;6170;5433;616;406;2301;85;322;8270;26674;31481;27414;38100;7;399;870;1364;0;38;1;162;19
Kyrgyzstan;79168;241504;42597;81285;78702;35221;6314;41876;40509;21135;7936;34201;87624;8883;15534;151554;68603;164271;119323;5505;3913;13831;2891;86;3815;213;5122;390
Laos;32219;190928;47363;15285;58700;22100;73994;49983;135105;160331;11746;6997;250608;18630;6041;153427;131643;281720;54304;55748;38356;2982;4493;5725;37439;755;26960;3892
Latin America & Caribbean (WB);4055428;15113037;2064392;2395500;5343380;958363;1188305;1751003;3513111;2424033;1974783;614644;2701851;1207921;1616759;10601109;11647245;6726296;10097267;755494;723595;435888;615348;31978;257342;53922;451042;55689
Latvia;63201;322692;24653;72301;50814;31228;69;20116;1725;361;5202;28469;8285;16366;29107;156714;88795;71438;142200;46;311;7203;5406;0;37;0;75;15
Lebanon;77752;209855;7678;69650;7783;2448;1634;30240;21679;3379;2549;1344;3440;844;36892;162976;141139;80758;123440;497;1682;3869;2435;65;552;36;650;102
Lesotho;19764;66388;4911;4904;40376;11950;52175;12700;45549;37213;285858;2629;60771;6655;2836;56926;56846;80088;45104;38995;33978;8883;2412;1899;6400;462;8063;951
Liberia;13358;68717;6002;8254;30312;7496;124369;5242;90899;140658;47291;2136;106449;7179;3334;17989;43957;119698;29934;90935;67576;1766;2549;9884;29350;2145;25217;5985
Libya;66239;154682;5143;36974;4039;6644;2225;21269;30124;5424;2771;6120;3291;4788;22210;67378;96778;69187;104415;1649;1330;4049;5288;79;1087;68;872;168
Lithuania;64513;388874;30195;91323;85374;34065;137;20908;2441;510;6925;39312;6616;22527;37932;186685;89359;71023;167043;96;412;7499;6635;0;55;6;95;14
Luxembourg;4401;23736;1700;4110;8062;1660;0;1728;209;155;419;2020;15;1260;2301;21103;10870;4394;9704;0;33;1103;1168;0;0;0;0;0
Madagascar;43052;465766;86472;37498;94853;57464;551521;44584;430134;829938;64967;21672;639930;54624;5389;161356;157985;682487;126499;424798;315995;5154;9794;41178;163228;6978;93368;15582
Malawi;30596;256147;44614;18992;102305;28702;356454;23058;359182;445893;1025312;2140;452326;27177;4203;122928;152177;482237;79133;267723;220061;12203;8770;30896;116527;4174;64954;10507
Malaysia;248078;791077;176496;130645;77287;67840;18197;117915;47930;18595;39059;1696;9136;73029;63481;524868;466836;256585;327905;4317;8022;45281;27736;191;3322;70;1508;1850
Maldives;1150;7421;1767;1455;327;759;534;1083;3009;976;171;352;2227;591;552;5014;4315;3349;1672;324;190;273;147;72;208;8;89;75
Mali;59859;237142;23492;31217;46646;31224;503342;26319;697950;864733;133252;6710;589763;25752;8290;68693;138455;648047;90118;372474;272495;4799;11204;58492;121888;5933;89389;22987
Malta;5317;22736;2026;6475;2484;1543;0;1667;424;30;284;785;45;721;4546;16405;17003;5325;9258;0;51;453;683;0;0;0;0;0
Marshall Islands;234;1735;293;419;250;298;224;368;410;279;142;33;786;282;184;1179;2126;1018;1447;142;74;81;30;12;40;0;25;0
Mauritania;30007;63279;5521;9848;4420;9361;73193;6623;74727;79183;6247;5585;56919;6590;7266;19412;29379;86791;37037;55039;39170;204;3054;3437;12856;953;13979;4037
Mauritius;14937;69915;15818;11544;10827;9699;276;8905;4534;988;2349;1881;1773;4420;6742;29730;70808;16706;41964;240;115;2959;853;1;65;3;104;34
Mexico;865803;2291531;238995;287261;1061030;133950;161458;244020;613724;456385;302874;127958;357336;148318;200283;1236152;2824494;1208189;2161910;90013;67617;71156;105362;4895;36779;8080;67145;6081
Micronesia (country);680;4339;752;1028;767;750;395;922;603;466;517;120;2217;670;564;4198;5244;2896;4955;233;123;184;91;21;56;0;44;22
Middle East & North Africa (WB);6230462;12952810;491899;3244779;374020;602812;913383;1728787;3646168;1761305;163860;892104;884543;416932;1769832;5803640;6895508;7076791;7773539;684505;377869;283518;348336;60859;355109;27384;411891;43727
Moldova;91173;457893;26201;88067;140441;41203;699;30255;7655;3076;9410;51696;56261;27119;25389;202179;136237;146780;187925;558;2332;17221;4385;0;327;26;1122;72
Monaco;572;2915;201;593;387;70;0;220;0;0;60;2;0;30;441;2873;1111;570;1406;0;0;62;80;0;0;0;0;0
Mongolia;39604;148254;21890;31446;55901;27157;5305;16303;21526;20831;4301;16559;54806;18537;3945;78505;22992;94052;71282;4406;5448;7406;1636;50;4336;107;3614;519
Montenegro;16973;59790;19273;8220;13956;2589;12;6083;1061;128;750;2995;6172;576;2104;44876;31891;23112;30543;0;30;540;788;0;13;0;33;0
Morocco;490796;1753264;55508;418442;36229;58416;121098;167142;396389;184520;38464;129633;199527;56797;207546;505182;810189;687874;768434;65587;54290;20086;38380;8726;31714;4887;49539;7389
Mozambique;35431;463479;80348;41795;86910;64107;448687;34938;629298;752756;1180420;7143;770038;45334;6009;186563;236852;804723;111731;339374;290680;16156;18122;68016;169776;5805;114329;13244
Myanmar;546577;2199118;523986;191679;356496;348538;601288;368543;809810;929454;258180;5812;2090902;193780;80684;2024353;1457977;2614550;505532;445748;276102;155965;62896;52872;190910;3739;204096;12681
Namibia;18160;60372;4019;7160;25235;8268;22721;6516;27613;20151;131222;4009;35572;5323;4862;35522;43265;53393;33132;15792;14070;4588;1770;410;2432;264;3287;596
Nauru;42;514;60;107;90;67;21;97;103;89;30;0;48;68;30;371;382;94;441;0;0;27;0;0;2;0;0;0
Nepal;371971;483544;53220;68437;127349;65644;305763;110221;589649;433941;46995;52210;851887;54086;24989;789988;238410;1156793;122141;219359;152430;17725;29003;15690;96571;1270;43235;17759
Netherlands;204651;727179;47269;140111;200731;57671;206;64369;10337;4681;15381;22465;517;47080;41160;964062;371147;204122;312792;136;2039;13830;47092;0;5;0;82;43
New Zealand;10819;173170;12449;36431;34807;11850;212;10620;3637;482;3195;5167;194;10002;21021;152285;72776;11009;86485;54;491;5904;7815;0;12;0;57;29
Nicaragua;17447;125000;18549;15847;33531;14258;19924;10170;36011;31360;14941;6180;59483;11944;3422;36457;106723;76707;71995;14728;8288;1657;3921;245;4047;977;7859;366
Niger;63657;196928;18210;24704;19715;30578;888864;32325;587101;1388522;77157;723;729873;14580;6972;36971;80912;791922;60024;682732;486314;2593;8551;134140;370600;13830;174442;19681
Nigeria;1281405;2597201;196078;337632;1213132;246676;6520206;277954;5327703;8310327;1782013;12081;5091233;183337;120039;491914;1232347;6353525;888441;4714797;3728997;284304;89512;390967;2301862;86673;1514662;123243
Niue;3;168;30;30;13;30;0;30;0;0;0;0;12;30;30;90;180;35;128;0;0;0;0;0;0;0;0;0
North America (WB);2766714;15453503;1285010;3208754;3245970;1257754;11059;1222141;402864;137733;673261;366804;9010;824768;1623174;16542631;10264956;2750453;9923308;15966;28834;1737990;652290;0;736;247;3982;2907
North Korea;459892;1211895;428270;133192;242887;142657;9991;257743;184616;702698;44247;85361;1003349;59906;46924;1030307;443250;1424494;189336;8660;8233;47175;35495;4559;24276;395;9931;3020
North Macedonia;77999;218998;72627;36925;27772;11969;612;23116;6061;1383;2912;4565;25586;1905;10056;145129;131791;103169;112556;327;100;2599;1832;45;144;60;604;11
Northern Ireland;15982;94583;6330;19641;15844;9630;28;8805;1975;157;1644;11830;46;5880;18932;98476;40241;15998;42131;0;384;2815;2841;0;0;0;21;0
Northern Mariana Islands;254;1542;220;292;266;146;30;257;94;49;113;0;125;161;133;1271;1425;378;1725;0;0;92;41;0;0;0;0;0
Norway;29503;275461;17927;62664;30810;17354;164;18166;2026;1242;5019;17224;121;19748;33659;201056;139855;29514;86034;100;796;11009;19525;0;0;0;4;1
OECD Countries;13548703;59145136;6681165;11581454;15835170;4364240;242771;4813691;1999792;999249;1929073;2712403;821751;2589311;6208867;54221002;35858934;14266664;30510429;139118;262543;3132100;2436350;8379;66907;10473;111951;14991
Oman;38271;69801;2824;19199;1805;1910;993;7646;11440;1979;1569;9855;4355;3447;12366;24451;52140;42458;50015;264;1195;1224;4054;43;355;7;228;109
Pakistan;2157936;4625259;460694;1148536;393099;632908;2724559;821989;6851709;2962699;84837;408647;4796065;553304;344546;3750597;2702328;6816165;1648465;1666338;935565;178860;76389;123528;861620;43466;392161;122577
Palau;106;933;152;224;83;116;30;268;58;47;93;0;0;119;105;721;1125;109;1019;1;17;30;30;0;0;0;0;0
Palestine;39301;83936;3143;24710;4528;7499;1121;13596;38617;4739;793;5653;6076;5329;13658;46676;72842;45170;50416;493;1666;743;1174;555;982;28;641;138
Panama;15784;72510;11327;9661;17791;6781;3773;4610;10826;7988;17982;3130;9123;6967;2310;30653;66027;24815;35612;2486;1930;1240;2465;26;620;132;1136;218
Papua New Guinea;19993;124814;24587;33230;11702;25600;72660;51995;94017;132590;57961;7077;256658;18495;11019;146902;172257;276611;87319;55648;39217;5214;6891;2965;37624;1115;13072;4768
Paraguay;21305;134301;17314;18396;43534;8196;9046;14249;29094;14446;17451;3871;48827;11855;8438;99000;98135;69959;85373;5456;6570;3280;4359;145;1235;366;3336;737
Peru;192012;346817;60689;67948;167666;38107;51680;33017;182921;111082;92234;31767;157855;37301;26796;115758;241798;349555;270675;35911;60064;11614;20863;1207;21181;1295;15522;5364
Philippines;653248;2307761;555672;285887;875448;193247;336183;468235;815448;621146;156849;35857;1204994;197163;48859;2134894;1507228;1856344;978396;170386;160162;23195;46900;26992;135591;9209;79886;9917
Poland;982972;2918213;618334;665366;696854;300511;1344;266950;41944;5838;78667;305965;192790;84162;246035;2475104;1475609;1171373;1581867;385;3050;46356;83576;6;531;36;800;142
Portugal;102740;608258;38745;107944;239289;39015;439;59624;6486;3632;30633;24953;5941;12187;86883;402264;480030;108153;280959;452;2036;19160;18383;0;27;13;218;28
Puerto Rico;12426;154302;13936;33206;45374;11258;1353;11640;8154;2764;19358;1329;40;15685;30918;81019;178010;12445;139467;107;2864;6613;5036;0;34;0;149;46
Qatar;9541;12191;513;3822;1135;274;50;1997;2626;195;207;481;3;74;2598;6657;13189;9497;14525;6;57;496;868;0;18;0;34;30
Region of the Americas (WHO);6808758;30403057;3334654;5569032;8542032;2204412;1197975;2960865;3907494;2558885;2627884;979992;2710708;2016396;3207882;27058745;21727166;9463230;19874066;771339;749492;2167099;1262371;31980;258042;54162;454871;58549
Romania;554867;2965954;923895;414354;617778;186852;2576;224317;28232;26877;65182;221493;213688;21036;137763;1358052;687648;765189;1217343;1847;4135;66571;27291;59;3429;151;6468;323
Russia;3668855;18993444;2189969;4087598;6189590;1858200;13515;1326944;180136;62367;381167;1813479;256487;744886;1072993;9949109;5859266;3915474;8743796;11437;30223;734451;220610;5;9222;1076;15116;2000
Rwanda;37671;163495;33845;18375;174395;613;263547;18137;168951;323481;212780;6337;283866;19344;2379;123564;99766;320573;49735;191658;164549;2763;8454;16364;77699;2717;15797;7430
Saint Kitts and Nevis;281;2727;236;444;555;347;84;196;241;146;494;60;93;212;339;599;2352;376;1649;31;69;35;60;0;0;0;5;0
Saint Lucia;1605;5742;504;1029;1959;341;125;372;776;225;570;102;499;468;812;2393;6118;2109;3846;69;97;57;133;0;0;0;22;0
Saint Vincent and the Grenadines;1336;4815;432;995;1062;337;136;354;682;313;879;87;384;445;775;1345;5321;1718;3085;84;132;54;104;0;5;0;31;0
Samoa;968;7799;477;1639;802;984;234;1732;603;317;391;40;4365;1082;855;6328;7875;5311;6872;52;67;214;148;10;32;0;31;0
San Marino;177;1217;100;235;362;62;0;81;14;0;30;30;0;35;167;1095;575;172;576;0;0;30;48;0;0;0;0;0
Sao Tome and Principe;964;4532;371;607;1594;193;1345;171;1900;2282;404;30;4006;422;159;973;2046;4943;1802;973;1232;16;171;171;504;10;230;54
Saudi Arabia;367333;610069;23555;140131;15858;43959;16315;84525;113999;20585;10076;57859;30515;37142;107480;227861;395504;395456;499910;8965;9159;11893;45171;298;3586;439;3409;1081
Scotland;48385;355986;17493;79589;83455;38297;104;32347;4031;463;7971;42816;106;23138;48709;462765;241291;48395;181799;22;1064;16593;12503;0;0;0;42;14
Senegal;71853;249413;20582;29589;23923;30191;246411;42442;296984;260837;71471;1190;278157;17478;13317;81900;157949;349199;92531;177773;132633;2620;9081;14751;44832;2824;38824;12797
Serbia;356994;1205604;380114;188642;167547;58474;391;112626;17807;2023;23165;61968;135240;49089;57647;734319;630292;490184;557706;138;555;17060;11528;8;222;1;462;58
Seychelles;843;4610;868;470;1268;303;120;466;271;96;305;94;47;347;210;2551;2590;894;1771;45;77;146;77;0;0;0;0;0
Sierra Leone;31452;145653;11546;14925;50609;15466;143510;24343;196451;262148;62028;354;262977;12573;5220;56105;49411;293890;33139;106728;111060;1360;5063;10574;51156;1549;37849;7674
Singapore;31231;85467;22362;16772;6752;6015;136;7702;1486;384;3986;5142;494;3795;8606;75941;60061;31641;34988;49;1324;2521;1951;0;14;0;104;10
Slovakia;135691;496326;163058;106115;101833;44640;134;42908;6160;1192;7099;35970;2564;28346;29869;269194;179323;137869;248399;35;584;10179;10446;0;148;0;181;18
Slovenia;33258;130293;42051;18995;38644;5546;30;11005;1005;84;2221;5715;3987;6040;6835;89166;54754;36977;67985;2;162;4515;7643;0;5;0;9;0
Solomon Islands;1719;20000;3997;5812;1276;4407;6936;5980;4525;5157;1625;1451;30251;4770;1563;22465;20324;31970;18583;5472;1816;872;563;341;983;30;488;359
Somalia;15572;220112;42547;27860;18770;38206;437402;33894;331217;920925;97260;3329;655254;29973;2662;120695;124034;670279;39190;328436;290578;2573;8428;98371;157456;9711;111511;19620
South Africa;655864;1633608;97596;132275;907752;226203;444215;238305;612733;441527;4348768;97979;348870;113819;155082;1186554;1253660;1001595;1310716;280075;304099;171562;54383;9838;65057;12258;127928;12990
South Asia (WB);22770101;40136229;4710786;6968674;8270900;6963041;26574738;7350847;33942270;19695813;2952977;4156377;37319165;4279061;2598838;31824818;24409815;58156546;11661570;18888311;10699693;1986902;2423592;910123;5046731;132104;2342477;840768
South Korea;530592;1133251;344642;134354;757790;131027;3219;119622;30834;7142;39610;35524;3414;22707;114534;1314376;849754;530618;442213;1068;4999;45723;80447;1;128;63;468;374
South Sudan;35987;114521;22158;11743;14977;10032;196081;17786;263461;452930;109197;1389;282637;11493;1930;55348;63921;317603;49047;148600;143936;2205;4453;14187;67933;818;43649;4819
South-East Asia Region (WHO);24354995;49386907;7636395;6858013;9855354;7905618;26421916;8364277;29405551;19717927;4007309;3809670;38067511;4827919;2812947;37721197;28888858;60556601;13795854;18784051;10401876;2416891;2776018;855610;4521948;102353;2360124;773269
Spain;409263;2118954;80112;376327;626769;66876;987;179052;20196;6527;77570;52840;17538;53616;259126;2024030;1532489;422274;1112277;472;3808;55420;63207;0;35;29;306;61
Sri Lanka;158238;729115;167296;105666;202988;92455;37480;68188;59591;20966;13795;4387;254218;66368;34163;338595;622249;411477;278649;26181;14925;6709;28626;847;2850;74;867;883
Sub-Saharan Africa (WB);4605207;15976263;1746363;1933694;6780436;1812969;22032100;1768411;22293072;30692749;24409603;463451;24467577;1460762;791018;6406956;8997288;28994520;6427566;16263661;13469063;1059911;595526;2004635;7066896;274911;4545950;680320
Sudan;262929;1208343;42605;282587;39815;92649;467554;142356;892696;797914;60478;106830;744501;85858;205683;415674;531878;1003930;449180;366575;227685;36291;22708;67982;190516;5800;132922;18628
Suriname;5910;17260;1594;2653;4773;1678;1251;2120;5012;1395;3649;162;2558;1685;2034;10390;15978;8474;11843;600;685;318;473;7;77;42;373;52
Sweden;49859;656552;49703;147770;108145;47229;333;26958;3127;2479;9854;36557;341;47254;60141;433042;318164;50057;243081;221;1171;13169;30767;0;2;0;34;4
Switzerland;76231;361194;28183;85242;116765;26803;89;26201;4209;1408;8748;9395;92;24461;54129;312032;210453;75757;158083;45;656;17213;29682;0;3;0;59;5
Syria;259220;567097;21737;180110;17945;29711;8423;71468;105603;40769;2930;4455;7978;36620;89841;319547;339850;265989;340650;4720;5383;5797;6460;1311;10516;344;4429;992
Taiwan;278331;606770;122051;108025;308509;43752;798;120184;13554;5167;32918;4276;38636;22374;59315;655495;557785;314198;316261;326;4855;55473;32961;0;98;2;184;120
Tajikistan;96909;307358;46879;78344;40117;38976;48601;42929;78582;118955;4782;37092;132476;11165;11655;121694;121835;227592;78609;38156;23940;7795;2097;1725;22104;1332;24091;499
Tanzania;121767;752971;171499;55906;484228;72651;634421;98250;972094;1095905;2021173;2656;1246866;70321;11690;440612;361180;1367412;283775;467708;518884;53470;26031;37483;252301;5272;134516;35216
Thailand;733799;1461195;364240;178684;925972;125562;139041;217088;140908;70333;570199;3077;408959;159970;89372;1573423;1165971;1136820;732936;23121;64539;289721;89204;1386;7366;620;10831;2301
Timor;3162;26175;6044;2452;4372;3750;9158;5470;19708;27791;4858;711;31160;2808;862;16591;13926;34269;3468;7270;3373;911;559;1375;6814;164;2730;536
Togo;30350;111009;9418;13341;32945;17069;194812;12983;152432;187880;154273;358;151563;12024;3980;54582;43117;181286;40478;142374;101244;5805;3634;12087;32741;1790;31607;4415
Tokelau;0;82;14;26;0;0;0;30;0;0;0;0;0;0;0;45;90;0;60;0;0;0;0;0;0;0;0;0
Tonga;501;2865;529;607;254;419;85;714;478;253;239;60;1326;332;406;2932;3774;1813;2933;44;53;201;72;2;20;0;18;12
Trinidad and Tobago;21470;66436;5208;14994;9396;8587;700;6948;6235;1385;9344;558;146;6267;12768;29096;79473;21606;56854;318;760;720;1067;0;27;11;170;56
Tunisia;172374;425658;15457;114433;14407;20278;2897;58841;68219;10676;5289;9607;9277;12241;32192;249072;279983;180731;229839;1321;4084;7359;10752;83;1671;57;2205;485
Turkey;1093616;2678729;66322;712505;107294;43871;38848;431020;573797;178256;30584;41479;71986;7914;349208;2170363;1488961;1153264;1723444;20093;45662;22892;59489;3436;26885;1622;34326;3857
Turkmenistan;93375;258530;36203;73802;45740;22412;12098;44650;33033;50637;5467;41205;763;7021;11791;111833;80334;93935;136924;9490;8277;10288;1101;140;8084;321;9908;348
Tuvalu;51;614;116;133;34;92;41;150;72;60;34;4;165;90;56;468;650;215;458;22;11;30;0;0;4;0;0;0
Uganda;85955;425300;76065;39882;389875;9157;424829;33067;799633;626601;1628205;1416;768869;44628;6559;164712;263712;852908;122837;316086;287147;7885;18650;32154;134462;5360;67201;11910
Ukraine;1750288;7030103;419432;2081358;1351883;784353;2029;516775;50939;10207;179828;874799;182440;244220;339047;3688713;1970830;1925547;3295959;1460;8022;252969;58468;0;1434;91;1915;439
United Arab Emirates;44523;76653;3586;18356;8752;3492;514;11822;4569;558;1950;322;20;2666;14183;44754;53148;44000;87767;41;495;12313;4336;1;84;0;62;43
United Kingdom;777587;3635595;228934;773281;587109;363439;1171;319841;55390;5228;66968;438036;991;230929;490896;4220418;2052310;776815;1672380;261;13334;108793;113395;0;108;30;571;171
United States;2605620;14344780;1166995;2952413;2953672;1151518;9790;1124775;377689;129859;640102;357715;7576;762446;1482528;15095141;9627154;2588614;9234348;14550;26165;1645008;574615;0;696;234;3777;2829
United States Virgin Islands;637;6340;543;1336;1346;214;30;423;275;100;474;30;44;446;632;2399;5100;685;5105;0;38;112;144;0;0;0;0;0
Uruguay;24489;167994;24367;37131;48104;14674;1713;25269;8404;3738;10075;13902;4720;14856;11261;153333;64555;29144;84593;493;1265;6487;5932;8;159;23;290;46
Uzbekistan;617136;1489193;219432;486750;214051;158826;22313;171404;172283;228895;29897;244223;217509;19408;69622;472814;678126;831307;779561;21039;37093;56190;10648;475;40500;762;47423;1341
Vanuatu;892;11117;1600;1884;888;957;1615;1234;1972;1396;478;169;7842;1255;391;5149;6766;8737;5848;1197;650;327;141;81;225;0;173;59
Venezuela;235273;803677;120164;106539;212118;46197;38435;72756;133203;64275;92191;66762;5948;62582;20092;371876;573838;240811;452028;14964;14595;8901;23053;464;5683;1426;15462;1712
Vietnam;733581;3404342;769876;235162;740709;361555;87115;445200;400215;184765;173996;41693;1447459;162872;106291;2204791;1907268;2170835;511440;62770;84502;186149;162209;6258;52747;484;30959;1992
Wales;39735;193376;12997;44038;28826;22907;79;17037;2437;277;3487;18523;85;13683;45896;244642;84928;39715;86064;20;749;6617;6608;0;0;0;30;0
Western Pacific Region (WHO);36474500;69448746;23678726;9207991;17420947;8463037;1411393;13664429;5436100;4483668;2179844;2578165;28466000;1835574;3721186;74828468;32520700;63188739;18040186;964670;1253434;3328464;2404614;77770;892420;37577;762691;72681
World;98091458;257367045;46585308;44370320;62493376;27739712;55131188;35325940;74001393;63927000;35088721;15031257;102914550;14049145;18515971;204727035;134309929;196972605;102311937;39450411;27643927;11678105;9236100;3220275;14350615;555196;9216639;1790459
World Bank High Income;12488378;56225760;6611483;11019301;15139602;4333734;65921;4437483;995544;403789;1696145;2642322;472630;2547665;5949170;52241161;33167202;12877973;28040187;39877;172705;3139970;2379376;413;7749;1290;15437;6720
World Bank Low Income;2461698;10639863;1649839;1364711;3575699;1319705;12139832;1352202;13857175;19454713;12388158;417455;18412099;1118204;392921;5219099;5760352;20715098;3171074;9129611;7721285;351853;403215;1359201;4130702;139131;2293326;481698
World Bank Lower Middle Income;35435727;81970040;10547863;14001098;16031918;11027747;40559312;12398825;49230316;37904542;11964868;6171032;55360121;6697394;5052763;53629461;44514077;88814613;28379535;28788491;17890907;3554366;3433915;1786254;9296972;322633;5686844;1186896
World Bank Upper Middle Income;47672394;108393410;27759511;17960115;27717908;11046411;2341944;17120148;9882391;6128640;9010670;5796463;28613924;3674774;7106025;93543305;50767996;74476160;42651036;1475333;1845629;4627952;3014322;73007;908046;91725;1215319;113967
Yemen;180764;593013;24553;174482;23540;70255;353296;108684;699645;518893;10112;71992;423873;70550;68063;353755;223994;602083;191741;261819;145298;8187;18081;38263;127009;9491;131184;16070
Zambia;54298;196980;41375;18064;152422;42192;293806;27071;274558;396928;935120;4307;333313;25281;6174;118503;130331;386508;90017;217009;186762;11392;8520;22522;103413;3299;59565;6884
Zimbabwe;64845;278468;25666;32501;128581;44374;118648;38234;241713;161580;1532484;3789;268403;31136;7453;227935;200676;332608;125165;79759;109595;46818;11093;6178;21941;674;27427;6325
(vide);;;;;;;;;;;;;;;;;;;;;;;;;;;;
Total général;578543915;1533698055;277000599;264648439;375164443;163871101;301550860;207689813;404418509;341482658;189098436;88895029;572107713;81960007;112785336;1244589477;804070651;1126905606;614710223;215607381;149111278;70350782;55968117;16905706;76364015;2951164;49055475;9722127
